Chemical Name,ChEBI,Human Metabolome Database,KEGG,PubChem CID,Pubchem Hyperlink,Drug
DNA,,,,,,
ascorbate,CHEBI:29073,No result,C00072,54670067,https://pubchem.ncbi.nlm.nih.gov/compound/54670067,
RNA,,,,,,
guanosine,CHEBI:16750,HMDB00133,C00387,6802,https://pubchem.ncbi.nlm.nih.gov/compound/6802,
NADP+,CHEBI:18009,HMDB00217,C00006,5886,https://pubchem.ncbi.nlm.nih.gov/compound/5886,
NAD+,No result,No result,No result,10897651,,
glutamate,CHEBI:16015,HMDB00148,C00025,33032,https://pubchem.ncbi.nlm.nih.gov/compound/33032,
tyramine-O-sulfate,No result,HMDB06409,No result,153005,https://pubchem.ncbi.nlm.nih.gov/compound/153005,
methanol,CHEBI:15734,HMDB01875,C00132,887,https://pubchem.ncbi.nlm.nih.gov/compound/887,
H2O,CHEBI:15377,HMDB02111,C00001,22247451,https://pubchem.ncbi.nlm.nih.gov/compound/22247451,
progesterone,CHEBI:17026,HMDB01830,C00410,5994,https://pubchem.ncbi.nlm.nih.gov/compound/5994,
phenylacetylglycine,CHEBI:27480,HMDB00821,C05598,68144,https://pubchem.ncbi.nlm.nih.gov/compound/68144,
O2,CHEBI:15379,HMDB01377,C00007,977,https://pubchem.ncbi.nlm.nih.gov/compound/977,
valeric acid,CHEBI:17418,HMDB00892,C00803,7991,https://pubchem.ncbi.nlm.nih.gov/compound/7991,
alanine,CHEBI:16977,HMDB00161,C00041,5950,https://pubchem.ncbi.nlm.nih.gov/compound/5950,
asparagine,CHEBI:17196,HMDB00168,C00152,6267,https://pubchem.ncbi.nlm.nih.gov/compound/6267,
arginine,CHEBI:16467,HMDB00517,C00062,28782,https://pubchem.ncbi.nlm.nih.gov/compound/28782,
citrulline,CHEBI:16349,HMDB00904,C00327,6992098,https://pubchem.ncbi.nlm.nih.gov/compound/6992098,
chloride,CHEBI:17996,HMDB00492,C00698,312,https://pubchem.ncbi.nlm.nih.gov/compound/312,
umbelliferone,CHEBI:27510,No result,C09315,5281426,https://pubchem.ncbi.nlm.nih.gov/compound/5281426,
pantothenate,CHEBI:29032,No result,C00864,6613,https://pubchem.ncbi.nlm.nih.gov/compound/6613,
sucrose,CHEBI:17992,HMDB00258,C00089,5988,https://pubchem.ncbi.nlm.nih.gov/compound/5988,
UDP,CHEBI:17659,HMDB00295,C00015,6031,https://pubchem.ncbi.nlm.nih.gov/compound/6031,
L-metanephrine,CHEBI:6270,No result,C05588,688084,https://pubchem.ncbi.nlm.nih.gov/compound/688084,
LPL,No result,No result,No result,101131,https://pubchem.ncbi.nlm.nih.gov/compound/101131,
L-lactate,CHEBI:422,HMDB00190,C00186,107689,https://pubchem.ncbi.nlm.nih.gov/compound/107689,
LTD4,CHEBI:28666,HMDB03080,C05951,95065620,https://pubchem.ncbi.nlm.nih.gov/compound/95065620,
D-aspartate,CHEBI:17364,HMDB06483,C00402,83887,https://pubchem.ncbi.nlm.nih.gov/compound/83887,
glycerate,CHEBI:32398,HMDB00139,C00258,439194,https://pubchem.ncbi.nlm.nih.gov/compound/439194,
limonene,CHEBI:15384,No result,C06078,22311,https://pubchem.ncbi.nlm.nih.gov/compound/22311,
paclitaxel,No result,No result,D00491,36314,https://pubchem.ncbi.nlm.nih.gov/compound/36314,
folate,CHEBI:27470,HMDB00121,C00504,6037,https://pubchem.ncbi.nlm.nih.gov/compound/6037,
tyrosine,CHEBI:17895,HMDB00158,C00082,6057,https://pubchem.ncbi.nlm.nih.gov/compound/6057,
acetate,CHEBI:30089,No result,No result,175,https://pubchem.ncbi.nlm.nih.gov/compound/175,
AKG,CHEBI:30915,HMDB00208,C00026,51,https://pubchem.ncbi.nlm.nih.gov/compound/51,
dgpi_prot heparan sulfate,CHEBI:26819,No result,C00059,1118,https://pubchem.ncbi.nlm.nih.gov/compound/1118,
linolenate,CHEBI:27432,HMDB01388,C06427,5280934,https://pubchem.ncbi.nlm.nih.gov/compound/5280934,
digalactosylceramidesulfate,No result,No result,No result,No result,https://pubchem.ncbi.nlm.nih.gov/compound/No result,
prostaglandin E1,CHEBI:15544,HMDB01442,C04741,5280723,https://pubchem.ncbi.nlm.nih.gov/compound/5280723,
starch structure 2,No result,No result,No result,No result,https://pubchem.ncbi.nlm.nih.gov/compound/No result,
L-iduronic acid,CHEBI:47903,No result,C06472,441039,https://pubchem.ncbi.nlm.nih.gov/compound/441039,
trichloroethene,CHEBI:16602,No result,C06790,6575,https://pubchem.ncbi.nlm.nih.gov/compound/6575,
butyrate,CHEBI:30772,HMDB00039,C00246,264,https://pubchem.ncbi.nlm.nih.gov/compound/264,
serine,CHEBI:17115,HMDB00187,C00065,5951,https://pubchem.ncbi.nlm.nih.gov/compound/5951,
phylloquinone,CHEBI:18067,HMDB03555,C02059,5284607,https://pubchem.ncbi.nlm.nih.gov/compound/5284607,
D-ornithine,CHEBI:16176,HMDB03374,C00515,71082,https://pubchem.ncbi.nlm.nih.gov/compound/71082,
acetoacetate,CHEBI:13705,No result,No result,6971017,https://pubchem.ncbi.nlm.nih.gov/compound/6971017,
(R)-3-hydroxybutanoate,CHEBI:17066,HMDB00011,C01089,92135,https://pubchem.ncbi.nlm.nih.gov/compound/92135,
2-hydroxybutyrate,CHEBI:50613,HMDB00008,C05984,440864,https://pubchem.ncbi.nlm.nih.gov/compound/440864,
isocaproic-aldehyde,No result,No result,No result,No result,https://pubchem.ncbi.nlm.nih.gov/compound/No result,
"IV3NeuAc,III3Fuc-nLc4Cer",No result,No result,No result,No result,https://pubchem.ncbi.nlm.nih.gov/compound/No result,
fucosyl-galactosylgloboside,No result,No result,No result,No result,https://pubchem.ncbi.nlm.nih.gov/compound/No result,
retinoate,CHEBI:15367,HMDB01852,C00777,444795,https://pubchem.ncbi.nlm.nih.gov/compound/444795,
glycochenodeoxycholate,CHEBI:36274,No result,C05466,12544,https://pubchem.ncbi.nlm.nih.gov/compound/12544,
GSH,CHEBI:16856,HMDB00125,C00051,124886,https://pubchem.ncbi.nlm.nih.gov/compound/124886,
inosine,CHEBI:17596,HMDB00195,C00294,6021,https://pubchem.ncbi.nlm.nih.gov/compound/6021,
cystine,CHEBI:17376,HMDB00192,C01420,24798687,https://pubchem.ncbi.nlm.nih.gov/compound/24798687,
LDL,No result,No result,No result,No result,https://pubchem.ncbi.nlm.nih.gov/compound/No result,
ethanol,CHEBI:16236,HMDB00108,C00469,702,https://pubchem.ncbi.nlm.nih.gov/compound/702,
sialyl-Tn antigen,CHEBI:28257,HMDB00212,No result,84265,https://pubchem.ncbi.nlm.nih.gov/compound/84265,
taurochenodeoxycholate,CHEBI:16525,HMDB00951,C05465,387316,https://pubchem.ncbi.nlm.nih.gov/compound/387316,
estriol,CHEBI:27974,HMDB00153,C05141,5756,https://pubchem.ncbi.nlm.nih.gov/compound/5756,
"glucose-1,6-bisphosphate",CHEBI:18148,HMDB03514,C01231,82400,https://pubchem.ncbi.nlm.nih.gov/compound/82400,
ethanolamine,CHEBI:16000,HMDB00149,C00189,700,https://pubchem.ncbi.nlm.nih.gov/compound/700,
gamma-tocotrienol,No result,HMDB12958,C14155,5282349,https://pubchem.ncbi.nlm.nih.gov/compound/5282349,
bilirubin-bisglucuronoside,CHEBI:18392,HMDB03325,C05787,5459911,https://pubchem.ncbi.nlm.nih.gov/compound/5459911,
bilirubin-monoglucuronoside,CHEBI:16990,HMDB00054,C00486,5280352,https://pubchem.ncbi.nlm.nih.gov/compound/5280352,
cholate,CHEBI:16359,HMDB00619,C00695,221493,https://pubchem.ncbi.nlm.nih.gov/compound/221493,
deoxyribose,CHEBI:28816,No result,No result,5460005,https://pubchem.ncbi.nlm.nih.gov/compound/5460005,
estrone 3-sulfate,CHEBI:17474,HMDB01425,C02538,3001028,https://pubchem.ncbi.nlm.nih.gov/compound/3001028,
hypoxanthine,CHEBI:17368,HMDB00157,C00262,790,https://pubchem.ncbi.nlm.nih.gov/compound/790,
maltotriose,CHEBI:18154,HMDB01262,C01835,439586,https://pubchem.ncbi.nlm.nih.gov/compound/439586,
thymine,CHEBI:17821,HMDB00262,C00178,1135,https://pubchem.ncbi.nlm.nih.gov/compound/1135,
undecylic acid,CHEBI:32368,HMDB00947,C17715,8180,https://pubchem.ncbi.nlm.nih.gov/compound/8180,
acetylcholine,CHEBI:15355,HMDB00895,C01996,187,https://pubchem.ncbi.nlm.nih.gov/compound/187,
bilirubin,CHEBI:16990,HMDB00054,C00486,5280352,https://pubchem.ncbi.nlm.nih.gov/compound/5280352,
glycolipid,No result,No result,No result,158248,https://pubchem.ncbi.nlm.nih.gov/compound/158248,
guanine,CHEBI:16235,HMDB00132,C00242,764,https://pubchem.ncbi.nlm.nih.gov/compound/764,
ribose,No result,No result,No result,10975657,https://pubchem.ncbi.nlm.nih.gov/compound/10975657,
sphinganine-1-phosphate,No result,HMDB01383,C01120,44317142,https://pubchem.ncbi.nlm.nih.gov/compound/44317142,
taurine,CHEBI:15891,HMDB00251,C00245,1123,https://pubchem.ncbi.nlm.nih.gov/compound/1123,
N-acetyl-D-mannosamine,CHEBI:63153,HMDB01129,C00645,439281,https://pubchem.ncbi.nlm.nih.gov/compound/439281,
thiamin-P,No result,No result,No result,15942892,https://pubchem.ncbi.nlm.nih.gov/compound/15942892,
glucosamine,CHEBI:47977,No result,C00329,439213,https://pubchem.ncbi.nlm.nih.gov/compound/439213,
adenosine,CHEBI:16335,HMDB00050,C00212,60961,https://pubchem.ncbi.nlm.nih.gov/compound/60961,
corticosterone,CHEBI:16827,HMDB01547,C02140,5753,https://pubchem.ncbi.nlm.nih.gov/compound/5753,
deoxycytidine,CHEBI:15698,HMDB00014,C00881,13711,https://pubchem.ncbi.nlm.nih.gov/compound/13711,
leukotriene E4,CHEBI:15650,No result,C05952,5280879,https://pubchem.ncbi.nlm.nih.gov/compound/5280879,
hydroxy-nifedipine,CHEBI:7565,HMDB01039,C07266,4485,https://pubchem.ncbi.nlm.nih.gov/compound/4485,
thromboxane A2,CHEBI:15627,HMDB01452,C02198,5280497,https://pubchem.ncbi.nlm.nih.gov/compound/5280497,
dem2emgacpail_prot heparan sulfate,CHEBI:26819,No result,C00059,1118,https://pubchem.ncbi.nlm.nih.gov/compound/1118,
spermine,CHEBI:15746,HMDB01256,C00750,1103,https://pubchem.ncbi.nlm.nih.gov/compound/1103,
NH3,CHEBI:13759,HMDB00051,C00014,222,https://pubchem.ncbi.nlm.nih.gov/compound/222,
VLDL,No result,No result,No result,No result,https://pubchem.ncbi.nlm.nih.gov/compound/No result,
cysteine,CHEBI:17561,HMDB00574,C00097,5862,https://pubchem.ncbi.nlm.nih.gov/compound/5862,
urate,CHEBI:17775,HMDB00289,C00366,1175,https://pubchem.ncbi.nlm.nih.gov/compound/1175,
Ca2+,CHEBI:29108,HMDB00464,C00076,271,https://pubchem.ncbi.nlm.nih.gov/compound/271,
sulfite,CHEBI:17359,HMDB00240,No result,1099,https://pubchem.ncbi.nlm.nih.gov/compound/1099,
phospholipids extracellular pool,No result,No result,No result,No result,https://pubchem.ncbi.nlm.nih.gov/compound/No result,
4-aminobutyrate,CHEBI:16865,HMDB00112,C00334,119,https://pubchem.ncbi.nlm.nih.gov/compound/119,
D-alanine,CHEBI:15570,HMDB01310,C00133,71080,https://pubchem.ncbi.nlm.nih.gov/compound/71080,
estradiol-17beta 3-glucuronide,CHEBI:36489,No result,C05503,440713,https://pubchem.ncbi.nlm.nih.gov/compound/440713,
dITP,CHEBI:61382,HMDB03537,C01345,25203822,https://pubchem.ncbi.nlm.nih.gov/compound/25203822,
L-dopa,CHEBI:15765,HMDB00181,C00355,6047,https://pubchem.ncbi.nlm.nih.gov/compound/6047,
cholesterol,CHEBI:16113,No result,C00187,5997,https://pubchem.ncbi.nlm.nih.gov/compound/5997,
citrate,CHEBI:30769,HMDB00094,C00158,19782904,https://pubchem.ncbi.nlm.nih.gov/compound/19782904,
dehydroepiandrosterone sulfate,CHEBI:16814,HMDB01032,C04555,12594,https://pubchem.ncbi.nlm.nih.gov/compound/12594,
prostaglandin E2,CHEBI:15551,HMDB01220,C00584,5280360,https://pubchem.ncbi.nlm.nih.gov/compound/5280360,
pyridoxal,CHEBI:17310,HMDB01545,C00250,1050,https://pubchem.ncbi.nlm.nih.gov/compound/1050,
testosterone sulfate,CHEBI:84094,HMDB02833,No result,119207,https://pubchem.ncbi.nlm.nih.gov/compound/119207,
glycine,CHEBI:15428,HMDB00123,C00037,5257127,https://pubchem.ncbi.nlm.nih.gov/compound/5257127,
choline,CHEBI:15354,HMDB00097,C00114,305,https://pubchem.ncbi.nlm.nih.gov/compound/305,
TAG-extraction,CHEBI:47693,HMDB03418,D09007,92092,https://pubchem.ncbi.nlm.nih.gov/compound/92092,
CO2,CHEBI:16526,HMDB01967,C00011,280,https://pubchem.ncbi.nlm.nih.gov/compound/280,
proline,CHEBI:17203,HMDB00162,C00148,145742,https://pubchem.ncbi.nlm.nih.gov/compound/145742,
biotin,CHEBI:15956,HMDB00030,C00120,171548,https://pubchem.ncbi.nlm.nih.gov/compound/171548,
mannose,No result,HMDB00169,C00159,18950,https://pubchem.ncbi.nlm.nih.gov/compound/18950,
iodide,CHEBI:16382,HMDB12238,C00708,30165,https://pubchem.ncbi.nlm.nih.gov/compound/30165,
ascorbate,CHEBI:29073,No result,C00072,54670067,https://pubchem.ncbi.nlm.nih.gov/compound/54670067,
lepidimoide,CHEBI:9176,No result,C08241,23694215,https://pubchem.ncbi.nlm.nih.gov/compound/23694215,
beta-alanine,CHEBI:16958,HMDB00056,C00099,239,https://pubchem.ncbi.nlm.nih.gov/compound/239,
AMP,CHEBI:16027,HMDB00045,C00020,6083,https://pubchem.ncbi.nlm.nih.gov/compound/6083,
estrone-glucuronide,No result,HMDB04483,C11133,115255,https://pubchem.ncbi.nlm.nih.gov/compound/115255,
globoside,No result,No result,No result,No result,https://pubchem.ncbi.nlm.nih.gov/compound/No result,
prostaglandin D2,CHEBI:15555,HMDB01403,C00696,448457,https://pubchem.ncbi.nlm.nih.gov/compound/448457,
prostaglandin F2alpha,CHEBI:15553,No result,C00639,5280363,https://pubchem.ncbi.nlm.nih.gov/compound/5280363,
ribitol,No result,HMDB02917,No result,6912,https://pubchem.ncbi.nlm.nih.gov/compound/6912,
thymidine,CHEBI:17748,HMDB00273,C00214,5789,https://pubchem.ncbi.nlm.nih.gov/compound/5789,
creatinine,CHEBI:16737,HMDB00562,C00791,588,https://pubchem.ncbi.nlm.nih.gov/compound/588,
gpi_sig,No result,No result,No result,445501,https://pubchem.ncbi.nlm.nih.gov/compound/445501,
core 8,CHEBI:50198,No result,No result,7213,https://pubchem.ncbi.nlm.nih.gov/compound/7213,
dolichol,CHEBI:16091,HMDB05176,C00381,6433320,https://pubchem.ncbi.nlm.nih.gov/compound/6433320,
GSSG,CHEBI:17858,No result,C00127,11215652,https://pubchem.ncbi.nlm.nih.gov/compound/11215652,
hexaglutamyl-folate(DHF),No result,No result,No result,No result,https://pubchem.ncbi.nlm.nih.gov/compound/No result,
pentaglutamyl-folate(DHF),No result,No result,No result,No result,https://pubchem.ncbi.nlm.nih.gov/compound/No result,
VLDL remnant,No result,No result,No result,No result,https://pubchem.ncbi.nlm.nih.gov/compound/No result,
chylomicron remnant,No result,No result,No result,No result,https://pubchem.ncbi.nlm.nih.gov/compound/No result,
octanoic acid,CHEBI:28837,HMDB00482,C06423,379,https://pubchem.ncbi.nlm.nih.gov/compound/379,
aspartate,CHEBI:17053,HMDB00191,C00049,44367445,https://pubchem.ncbi.nlm.nih.gov/compound/44367445,
thiamin-PPP,CHEBI:75251,HMDB00235,D08580,23423984,https://pubchem.ncbi.nlm.nih.gov/compound/23423984,
dihydroneopterin,CHEBI:17001,No result,C04874,65074,https://pubchem.ncbi.nlm.nih.gov/compound/65074,
fructose,No result,No result,No result,2723872,https://pubchem.ncbi.nlm.nih.gov/compound/2723872,
pyridoxine,CHEBI:16709,HMDB00239,C00314,1054,https://pubchem.ncbi.nlm.nih.gov/compound/1054,
thiamin,CHEBI:18385,HMDB00235,C00378,1130,https://pubchem.ncbi.nlm.nih.gov/compound/1130,
homoserine,CHEBI:15699,HMDB00719,C00263,12647,https://pubchem.ncbi.nlm.nih.gov/compound/12647,
chitin-component,CHEBI:17029,HMDB00803,C03878,24139,https://pubchem.ncbi.nlm.nih.gov/compound/24139,
selenate,CHEBI:15075,No result,No result,26473,https://pubchem.ncbi.nlm.nih.gov/compound/26473,
2-acetyl-1-alkyl-sn-glycero-3-phosphocholine,CHEBI:44811,No result,No result,108156,https://pubchem.ncbi.nlm.nih.gov/compound/108156,
type IIIAb,No result,No result,No result,No result,https://pubchem.ncbi.nlm.nih.gov/compound/No result,
ADP,CHEBI:16761,HMDB01341,C00008,6022,https://pubchem.ncbi.nlm.nih.gov/compound/6022,
deoxyadenosine,CHEBI:17256,HMDB00101,C00559,12800099,https://pubchem.ncbi.nlm.nih.gov/compound/12800099,
deoxyuridine,CHEBI:16450,HMDB00012,C00526,13712,https://pubchem.ncbi.nlm.nih.gov/compound/13712,
leukotriene A4,CHEBI:15651,HMDB01337,C00909,5280383,https://pubchem.ncbi.nlm.nih.gov/compound/5280383,
nifedipine,CHEBI:7565,No result,C07266,4485,https://pubchem.ncbi.nlm.nih.gov/compound/4485,
D-tagatose,CHEBI:4249,No result,C00795,439312,https://pubchem.ncbi.nlm.nih.gov/compound/439312,
thyroxine,CHEBI:18332,HMDB00248,C01829,25201348,https://pubchem.ncbi.nlm.nih.gov/compound/25201348,
pyridoxal-phosphate,CHEBI:18405,HMDB01491,C00018,1051,https://pubchem.ncbi.nlm.nih.gov/compound/1051,
deoxyinosine,CHEBI:28997,HMDB00071,C05512,65058,https://pubchem.ncbi.nlm.nih.gov/compound/65058,
ornithine,CHEBI:15729,HMDB00214,C00077,6262,https://pubchem.ncbi.nlm.nih.gov/compound/6262,
spermine dialdehyde,No result,HMDB13076,No result,217390,https://pubchem.ncbi.nlm.nih.gov/compound/217390,
1-organyl-2-lyso-sn-glycero-3-phosphocholine,CHEBI:50198,No result,C08159,7213,https://pubchem.ncbi.nlm.nih.gov/compound/7213,
1-alkyl-2-lysoglycerol-3-phosphocholine,No result,No result,No result,No result,https://pubchem.ncbi.nlm.nih.gov/compound/No result,
ADP-ribose,No result,No result,No result,30243,https://pubchem.ncbi.nlm.nih.gov/compound/30243,
nicotinamide,CHEBI:17154,HMDB01406,C00153,936,https://pubchem.ncbi.nlm.nih.gov/compound/936,
ADP-ribose-2-phosphate,CHEBI:37463,HMDB06336,No result,439957,https://pubchem.ncbi.nlm.nih.gov/compound/439957,
10-formyl-THF-glu(6),CHEBI:81297,No result,C17725,10518,https://pubchem.ncbi.nlm.nih.gov/compound/10518,
10-formyl-THF-glu(5),CHEBI:81297,No result,C17725,10518,https://pubchem.ncbi.nlm.nih.gov/compound/10518,
heptaglutamyl-folate(DHF),No result,No result,No result,No result,https://pubchem.ncbi.nlm.nih.gov/compound/No result,
naphthalene,CHEBI:16482,No result,C00829,931,https://pubchem.ncbi.nlm.nih.gov/compound/931,
HDL,No result,No result,No result,6323542,https://pubchem.ncbi.nlm.nih.gov/compound/6323542,
linoleate,CHEBI:17351,HMDB00673,C01595,5280450,https://pubchem.ncbi.nlm.nih.gov/compound/5280450,
phenylalanine,CHEBI:17295,HMDB00159,C00079,6140,https://pubchem.ncbi.nlm.nih.gov/compound/6140,
valine,CHEBI:16414,HMDB00883,C00183,6287,https://pubchem.ncbi.nlm.nih.gov/compound/6287,
zinc,CHEBI:30185,No result,No result,23994,https://pubchem.ncbi.nlm.nih.gov/compound/23994,
noradrenaline,CHEBI:18357,HMDB00216,C00547,439260,https://pubchem.ncbi.nlm.nih.gov/compound/439260,
adrenaline,CHEBI:28918,HMDB00068,C00788,5816,https://pubchem.ncbi.nlm.nih.gov/compound/5816,
1-methylnicotinamide,CHEBI:16797,HMDB00699,C02918,457,https://pubchem.ncbi.nlm.nih.gov/compound/457,
heme,No result,No result,No result,26945,https://pubchem.ncbi.nlm.nih.gov/compound/26945,
chondroitin sulfate A (GalNAc4S-GlcA) proteoglycan,CHEBI:16335,HMDB00050,C00212,60961,https://pubchem.ncbi.nlm.nih.gov/compound/60961,
chondroitin sulfate B - dermatan sulfate (IdoA2S-GalNAc4S) proteoglycan,CHEBI:16467,HMDB00517,C00062,28782,https://pubchem.ncbi.nlm.nih.gov/compound/28782,
chondroitin sulfate C (GalNAc6S-GlcA) proteoglycan,CHEBI:26819,HMDB00630,C00380,597,https://pubchem.ncbi.nlm.nih.gov/compound/597,
chondroitin sulfate D (GlcNAc6S-GlcA2S) proteoglycan,CHEBI:17053,HMDB00191,C00049,44367445,https://pubchem.ncbi.nlm.nih.gov/compound/44367445,
"chondroitin sulfate E (GalNAc4,6diS-GlcA) proteoglycan",No result,No result,No result,170301,https://pubchem.ncbi.nlm.nih.gov/compound/170301,
riboflavin,CHEBI:17015,HMDB00244,C00255,493570,https://pubchem.ncbi.nlm.nih.gov/compound/493570,
nitrite,CHEBI:16301,HMDB02786,No result,946,https://pubchem.ncbi.nlm.nih.gov/compound/946,
gamma-tocopherol,CHEBI:18185,No result,C02483,92729,https://pubchem.ncbi.nlm.nih.gov/compound/92729,
hemoglobin,No result,No result,No result,71602803,https://pubchem.ncbi.nlm.nih.gov/compound/71602803,
leukotriene F4,CHEBI:27491,HMDB06465,C06462,90476574,https://pubchem.ncbi.nlm.nih.gov/compound/90476574,
D-xylose,CHEBI:53455,HMDB00098,C00181,135191,https://pubchem.ncbi.nlm.nih.gov/compound/135191,
5-methyl-THF,No result,HMDB01396,No result,40114,https://pubchem.ncbi.nlm.nih.gov/compound/40114,
"sialyl(2,3)-sialyl(2,6)-galactosylgloboside",No result,No result,No result,No result,https://pubchem.ncbi.nlm.nih.gov/compound/No result,
adenine,CHEBI:16708,HMDB00034,C00147,190,https://pubchem.ncbi.nlm.nih.gov/compound/190,
L-arabinose,CHEBI:17535,HMDB00646,C00259,439195,https://pubchem.ncbi.nlm.nih.gov/compound/439195,
CMP,CHEBI:17361,HMDB00095,C00055,6131,https://pubchem.ncbi.nlm.nih.gov/compound/6131,
creatine,CHEBI:16919,HMDB00064,C00300,586,https://pubchem.ncbi.nlm.nih.gov/compound/586,
L-carnitine,CHEBI:16347,No result,C00318,10917,https://pubchem.ncbi.nlm.nih.gov/compound/10917,
dopamine-3-O-sulfate,No result,HMDB06275,C13690,122136,https://pubchem.ncbi.nlm.nih.gov/compound/122136,
hydroxylated-ebastine,No result,No result,D01478,3191,https://pubchem.ncbi.nlm.nih.gov/compound/3191,
III3Fuc-nLc6Cer,No result,No result,No result,131770452,https://pubchem.ncbi.nlm.nih.gov/compound/131770452,
sialyl-Lc4Cer,No result,No result,No result,No result,https://pubchem.ncbi.nlm.nih.gov/compound/No result,
6-deoxy-L-galactose,CHEBI:2181,HMDB00174,C01019,17106,https://pubchem.ncbi.nlm.nih.gov/compound/17106,
GD1beta,No result,No result,No result,No result,https://pubchem.ncbi.nlm.nih.gov/compound/No result,
(5-L-glutamyl)-L-amino acid,CHEBI:50619,HMDB06248,No result,440103,https://pubchem.ncbi.nlm.nih.gov/compound/440103,
GD1c,No result,No result,No result,No result,https://pubchem.ncbi.nlm.nih.gov/compound/No result,
GDP,CHEBI:17552,HMDB01201,C00035,8977,https://pubchem.ncbi.nlm.nih.gov/compound/8977,
betaine,CHEBI:17750,HMDB00043,C00719,247,https://pubchem.ncbi.nlm.nih.gov/compound/247,
GP1calpha,No result,No result,No result,No result,https://pubchem.ncbi.nlm.nih.gov/compound/No result,
GQ1b,No result,No result,No result,45266843,https://pubchem.ncbi.nlm.nih.gov/compound/45266843,
IMP,CHEBI:17202,HMDB00175,C00130,8582,https://pubchem.ncbi.nlm.nih.gov/compound/8582,
leukotriene B4,CHEBI:15647,HMDB01085,C02165,5280492,https://pubchem.ncbi.nlm.nih.gov/compound/5280492,
pyridoxamine,CHEBI:16410,HMDB01431,C00534,1052,https://pubchem.ncbi.nlm.nih.gov/compound/1052,
sphingosine-1-phosphate,No result,No result,C06124,10883396,https://pubchem.ncbi.nlm.nih.gov/compound/10883396,
starch structure 1,No result,No result,No result,No result,https://pubchem.ncbi.nlm.nih.gov/compound/No result,
uracil,CHEBI:17568,HMDB00300,C00106,1174,https://pubchem.ncbi.nlm.nih.gov/compound/1174,
uridine,CHEBI:16704,HMDB00296,C00299,6029,https://pubchem.ncbi.nlm.nih.gov/compound/6029,
itaconate,CHEBI:30838,HMDB02092,C00490,811,https://pubchem.ncbi.nlm.nih.gov/compound/811,
D-ribulose,CHEBI:17173,HMDB00621,C05052,151261,https://pubchem.ncbi.nlm.nih.gov/compound/151261,
xanthurenate,CHEBI:10072,HMDB00881,C02470,5699,https://pubchem.ncbi.nlm.nih.gov/compound/5699,
n5m2masn,No result,No result,No result,No result,https://pubchem.ncbi.nlm.nih.gov/compound/No result,
mem2emgacpail_prot heparan sulfate,CHEBI:26819,No result,C00059,1118,https://pubchem.ncbi.nlm.nih.gov/compound/1118,
albumin,CHEBI:10110,HMDB01140,C07210,8359,https://pubchem.ncbi.nlm.nih.gov/compound/8359,
maltose,CHEBI:18147,HMDB00163,C01971,6255,https://pubchem.ncbi.nlm.nih.gov/compound/6255,
glucose,No result,HMDB00122,C00031,5793,https://pubchem.ncbi.nlm.nih.gov/compound/5793,
maltodecaose,No result,HMDB12999,No result,101068243,https://pubchem.ncbi.nlm.nih.gov/compound/101068243,
galactosylglycerol,CHEBI:15754,HMDB06790,C05401,16048618,https://pubchem.ncbi.nlm.nih.gov/compound/16048618,
glycerol,CHEBI:15850,HMDB00131,C00116,753,https://pubchem.ncbi.nlm.nih.gov/compound/753,
galactose,No result,No result,C00124,6036,https://pubchem.ncbi.nlm.nih.gov/compound/6036,
alloxan,CHEBI:76451,HMDB02818,No result,5781,https://pubchem.ncbi.nlm.nih.gov/compound/5781,
urea,CHEBI:16199,HMDB00294,C00086,1176,https://pubchem.ncbi.nlm.nih.gov/compound/1176,
UTP,CHEBI:15713,HMDB00285,C00075,6133,https://pubchem.ncbi.nlm.nih.gov/compound/6133,
UMP,CHEBI:16695,HMDB00288,C00105,6030,https://pubchem.ncbi.nlm.nih.gov/compound/6030,
cys-gly,CHEBI:61694,HMDB00078,C01419,439498,https://pubchem.ncbi.nlm.nih.gov/compound/439498,
N-acetylglucosamine,CHEBI:17029,HMDB00803,C03878,24139,https://pubchem.ncbi.nlm.nih.gov/compound/24139,
PA6,CHEBI:7565,HMDB00220,C03664,1486,https://pubchem.ncbi.nlm.nih.gov/compound/1486,
de-Fuc form of PA6,CHEBI:68595,HMDB00174,D09012,3010818,https://pubchem.ncbi.nlm.nih.gov/compound/3010818,
O2-,CHEBI:15379,HMDB01377,C00007,977,https://pubchem.ncbi.nlm.nih.gov/compound/977,
arachidonate,CHEBI:15843,HMDB01043,C00219,444899,https://pubchem.ncbi.nlm.nih.gov/compound/444899,
leukotriene C4,CHEBI:16978,HMDB01198,C02166,5280493,https://pubchem.ncbi.nlm.nih.gov/compound/5280493,
5-L-gamma-glutamyl,No result,HMDB00125,C00051,124886,https://pubchem.ncbi.nlm.nih.gov/compound/124886,
chylomicron,No result,No result,No result,No result,https://pubchem.ncbi.nlm.nih.gov/compound/No result,
keratan sulfate I,No result,No result,No result,5087,https://pubchem.ncbi.nlm.nih.gov/compound/5087,
"keratan sulfate I, degradation product 1",CHEBI:50198,No result,C00059,1118,https://pubchem.ncbi.nlm.nih.gov/compound/1118,
10-formyl-THF,CHEBI:15637,HMDB00972,C00234,122347,https://pubchem.ncbi.nlm.nih.gov/compound/122347,
10-formyl-THF-glu(7),CHEBI:81297,No result,C17725,10518,https://pubchem.ncbi.nlm.nih.gov/compound/10518,
dihydrofolate,CHEBI:57451,HMDB01056,C00415,40480038,https://pubchem.ncbi.nlm.nih.gov/compound/40480038,
pentaglutamyl-folate(THF),No result,No result,No result,No result,https://pubchem.ncbi.nlm.nih.gov/compound/No result,
THF,CHEBI:26911,HMDB00246,No result,8028,https://pubchem.ncbi.nlm.nih.gov/compound/8028,
hexaglutamyl-folate(THF),No result,No result,No result,131769891,https://pubchem.ncbi.nlm.nih.gov/compound/131769891,
heptaglutamyl-folate(THF),No result,No result,No result,No result,https://pubchem.ncbi.nlm.nih.gov/compound/No result,
HCO3-,CHEBI:17544,HMDB00595,C00288,22647601,https://pubchem.ncbi.nlm.nih.gov/compound/22647601,
cis-vaccenic acid,CHEBI:50464,HMDB03231,No result,5282761,https://pubchem.ncbi.nlm.nih.gov/compound/5282761,
DPA,CHEBI:81859,No result,C18600,10367,https://pubchem.ncbi.nlm.nih.gov/compound/10367,
palmitolate,No result,No result,No result,No result,https://pubchem.ncbi.nlm.nih.gov/compound/No result,
stearate,CHEBI:28842,HMDB00827,C01530,5281,https://pubchem.ncbi.nlm.nih.gov/compound/5281,
oleate,CHEBI:16196,HMDB00207,C00712,445639,https://pubchem.ncbi.nlm.nih.gov/compound/445639,
myristic acid,CHEBI:28875,HMDB00806,C06424,11005,https://pubchem.ncbi.nlm.nih.gov/compound/11005,
dihomo-gamma-linolenate,CHEBI:53486,HMDB02925,C03242,5280581,https://pubchem.ncbi.nlm.nih.gov/compound/5280581,
EPA,CHEBI:28364,HMDB01999,C06428,446284,https://pubchem.ncbi.nlm.nih.gov/compound/446284,
palmitate,CHEBI:15756,HMDB00220,C00249,985,https://pubchem.ncbi.nlm.nih.gov/compound/985,
DHA,No result,No result,No result,15608515,https://pubchem.ncbi.nlm.nih.gov/compound/15608515,
HDL remnant,No result,No result,No result,6323542,https://pubchem.ncbi.nlm.nih.gov/compound/6323542,
cholesterol-ester pool,CHEBI:16113,No result,C00187,5997,https://pubchem.ncbi.nlm.nih.gov/compound/5997,
LDL remnant,No result,No result,No result,No result,https://pubchem.ncbi.nlm.nih.gov/compound/No result,
NEFA blood pool in,CHEBI:49664,No result,No result,5359967,https://pubchem.ncbi.nlm.nih.gov/compound/5359967,
SMCFA-blood-pool,No result,No result,No result,No result,https://pubchem.ncbi.nlm.nih.gov/compound/No result,
decanoic acid,CHEBI:30813,HMDB00511,C01571,2969,https://pubchem.ncbi.nlm.nih.gov/compound/2969,
heptylic acid,CHEBI:32362,HMDB00666,C17714,8094,https://pubchem.ncbi.nlm.nih.gov/compound/8094,
hexanoic acid,CHEBI:30776,HMDB00535,C01585,8892,https://pubchem.ncbi.nlm.nih.gov/compound/8892,
nonanoic acid,CHEBI:29019,HMDB00847,C01601,8158,https://pubchem.ncbi.nlm.nih.gov/compound/8158,
benzo[a]pyrene,CHEBI:29865,No result,C07535,2336,https://pubchem.ncbi.nlm.nih.gov/compound/2336,
aflatoxin B1,CHEBI:2504,HMDB06552,C06800,14403,https://pubchem.ncbi.nlm.nih.gov/compound/14403,
bromobenzene,CHEBI:3179,No result,C11036,7961,https://pubchem.ncbi.nlm.nih.gov/compound/7961,
"7,12-dimethylbenz[a]anthracene",CHEBI:254496,No result,C19488,6001,https://pubchem.ncbi.nlm.nih.gov/compound/6001,
4-(n-nitrosomethylamino)-1-(3-pyridyl)-1-butanone,CHEBI:32692,HMDB11603,No result,10796739,https://pubchem.ncbi.nlm.nih.gov/compound/10796739,
1-nitronaphthalene,CHEBI:34104,No result,C14040,6849,https://pubchem.ncbi.nlm.nih.gov/compound/6849,
"1,1-dichloroethylene",CHEBI:34031,No result,C14039,6366,https://pubchem.ncbi.nlm.nih.gov/compound/6366,
"1,2-dibromoethane",CHEBI:28534,No result,C11088,7839,https://pubchem.ncbi.nlm.nih.gov/compound/7839,
propanoate,CHEBI:16333,HMDB00237,C00163,1032,https://pubchem.ncbi.nlm.nih.gov/compound/1032,
phytanic acid,CHEBI:16285,HMDB00801,C01607,26840,https://pubchem.ncbi.nlm.nih.gov/compound/26840,
threonine,CHEBI:16857,HMDB00167,C00188,6288,https://pubchem.ncbi.nlm.nih.gov/compound/6288,
tryptophan,CHEBI:16828,HMDB00929,C00078,6305,https://pubchem.ncbi.nlm.nih.gov/compound/6305,
glutamine,CHEBI:18050,HMDB00641,C00064,5961,https://pubchem.ncbi.nlm.nih.gov/compound/5961,
sulfate,CHEBI:16189,HMDB01448,No result,1117,https://pubchem.ncbi.nlm.nih.gov/compound/1117,
Fe2+,CHEBI:29033,HMDB00692,C14818,27284,https://pubchem.ncbi.nlm.nih.gov/compound/27284,
Na+,CHEBI:29101,HMDB00588,C01330,923,https://pubchem.ncbi.nlm.nih.gov/compound/923,
K+,CHEBI:29103,HMDB00586,C00238,813,https://pubchem.ncbi.nlm.nih.gov/compound/813,
methylimidazoleacetic acid,CHEBI:1606,HMDB02820,C05828,75810,https://pubchem.ncbi.nlm.nih.gov/compound/75810,
dopamine,CHEBI:18243,HMDB00073,C03758,681,https://pubchem.ncbi.nlm.nih.gov/compound/681,
5-hydroxy-L-tryptophan,CHEBI:17780,No result,C00643,439280,https://pubchem.ncbi.nlm.nih.gov/compound/439280,
5-formyl-THF,No result,HMDB01562,C03479,143,https://pubchem.ncbi.nlm.nih.gov/compound/143,
PNP,CHEBI:16836,HMDB01232,C00870,980,https://pubchem.ncbi.nlm.nih.gov/compound/980,
H2S,CHEBI:16136,HMDB03276,C00087,18779926,https://pubchem.ncbi.nlm.nih.gov/compound/18779926,
biocytin,CHEBI:27870,HMDB03134,No result,7098660,https://pubchem.ncbi.nlm.nih.gov/compound/7098660,
heparan sulfate proteoglycan,CHEBI:26819,No result,C00059,1118,https://pubchem.ncbi.nlm.nih.gov/compound/1118,
keratan sulfate II (core 2-linked),CHEBI:50198,No result,C00059,1118,https://pubchem.ncbi.nlm.nih.gov/compound/1118,
keratan sulfate II (core 4-linked),CHEBI:50198,No result,C00059,7213,https://pubchem.ncbi.nlm.nih.gov/compound/7213,
hyaluronate,No result,HMDB10366,No result,24759,https://pubchem.ncbi.nlm.nih.gov/compound/24759,
"hyaluronan biosynthesis, precursor 1",CHEBI:63279,No result,C04794,440484,https://pubchem.ncbi.nlm.nih.gov/compound/440484,
(GlcNAc)5 (Man)3 (Asn)1,CHEBI:62098,No result,No result,52921603,https://pubchem.ncbi.nlm.nih.gov/compound/52921603,
disialyl-T antigen,CHEBI:17821,HMDB00262,C00178,1135,https://pubchem.ncbi.nlm.nih.gov/compound/1135,
sarcosine,CHEBI:15611,HMDB00271,C00213,1088,https://pubchem.ncbi.nlm.nih.gov/compound/1088,
nicotinate,CHEBI:15940,HMDB01488,C00253,938,https://pubchem.ncbi.nlm.nih.gov/compound/938,
alpha-tocopherol,CHEBI:18145,HMDB01893,C02477,14985,https://pubchem.ncbi.nlm.nih.gov/compound/14985,
alpha-tocotrienol,No result,HMDB06327,C14153,5282347,https://pubchem.ncbi.nlm.nih.gov/compound/5282347,
hydrogen-cyanide,CHEBI:18379,No result,C01326,768,https://pubchem.ncbi.nlm.nih.gov/compound/768,
malonate,CHEBI:15792,No result,No result,9084,https://pubchem.ncbi.nlm.nih.gov/compound/9084,
oxalate,CHEBI:16995,HMDB02329,C00209,18676629,https://pubchem.ncbi.nlm.nih.gov/compound/18676629,
lipoic acid,CHEBI:16494,HMDB01451,C00725,864,https://pubchem.ncbi.nlm.nih.gov/compound/864,
apoC-lys,CHEBI:18019,HMDB00182,C00047,5962,https://pubchem.ncbi.nlm.nih.gov/compound/5962,
fatty acid-retinol pool,CHEBI:17336,HMDB00305,C00473,445354,https://pubchem.ncbi.nlm.nih.gov/compound/445354,
13-cis-retinoyl-glucuronide,CHEBI:16231,No result,C03440,14106,https://pubchem.ncbi.nlm.nih.gov/compound/14106,
"24R,25-dihyoxyvitamin D2",CHEBI:29294,No result,No result,24523,https://pubchem.ncbi.nlm.nih.gov/compound/24523,
"(24R)-24,25-dihydroxycalciol",No result,No result,No result,12895035,https://pubchem.ncbi.nlm.nih.gov/compound/12895035,
4-nitrocatechol,CHEBI:16318,HMDB02916,C02235,3505109,https://pubchem.ncbi.nlm.nih.gov/compound/3505109,
25-hydroxyvitamin D2,No result,HMDB01438,No result,5710148,https://pubchem.ncbi.nlm.nih.gov/compound/5710148,
calcidiol,CHEBI:17933,HMDB03550,C01561,5283731,https://pubchem.ncbi.nlm.nih.gov/compound/5283731,
2-methylcitrate,CHEBI:30835,HMDB00379,C02225,515,https://pubchem.ncbi.nlm.nih.gov/compound/515,
"3,4-dihydroxyphenylethyleneglycol",CHEBI:1387,HMDB00318,C05576,91528,https://pubchem.ncbi.nlm.nih.gov/compound/91528,
cGMP,CHEBI:16356,HMDB01314,C00942,24316,https://pubchem.ncbi.nlm.nih.gov/compound/24316,
L-3-amino-isobutanoate,CHEBI:33094,HMDB02166,C03284,439434,https://pubchem.ncbi.nlm.nih.gov/compound/439434,
D-3-amino-isobutanoate,CHEBI:16320,HMDB02299,C01205,5459822,https://pubchem.ncbi.nlm.nih.gov/compound/5459822,
4-hydroxy-debrisoquine,CHEBI:63800,HMDB06468,No result,107669,https://pubchem.ncbi.nlm.nih.gov/compound/107669,
4-hydroxyphenylacetate,CHEBI:18101,HMDB00020,C00642,127,https://pubchem.ncbi.nlm.nih.gov/compound/127,
4-hydroxy-tolbutamide,CHEBI:63799,HMDB06408,No result,3656,https://pubchem.ncbi.nlm.nih.gov/compound/3656,
4-nitrophenyl-sulfate,No result,No result,No result,6993342,https://pubchem.ncbi.nlm.nih.gov/compound/6993342,
4-pyridoxate,CHEBI:17405,HMDB00017,C00847,6723,https://pubchem.ncbi.nlm.nih.gov/compound/6723,
5-alpha-dihydrotestosterone,CHEBI:16330,HMDB02961,C03917,10635,https://pubchem.ncbi.nlm.nih.gov/compound/10635,
5alpha-dihydrotestosterone-glucuronide,No result,HMDB06203,No result,44263365,https://pubchem.ncbi.nlm.nih.gov/compound/44263365,
5alpha-dihydrotestosterone-sulfate,No result,HMDB06278,No result,18665256,https://pubchem.ncbi.nlm.nih.gov/compound/18665256,
5-hydroxy-omeprazole,CHEBI:63840,No result,No result,119560,https://pubchem.ncbi.nlm.nih.gov/compound/119560,
6beta-hydroxytestosterone,CHEBI:34477,HMDB06259,C14497,65543,https://pubchem.ncbi.nlm.nih.gov/compound/65543,
acetaldehyde,CHEBI:15343,HMDB00990,C00084,177,https://pubchem.ncbi.nlm.nih.gov/compound/177,
acetone,CHEBI:15347,HMDB01659,C00207,180,https://pubchem.ncbi.nlm.nih.gov/compound/180,
type III A glycolipid,No result,No result,No result,No result,https://pubchem.ncbi.nlm.nih.gov/compound/No result,
"sialyl(1,3)-sialyl(2,6)-galactosylgloboside",No result,No result,No result,No result,https://pubchem.ncbi.nlm.nih.gov/compound/No result,
"3,8-LD1",No result,No result,No result,54751696,https://pubchem.ncbi.nlm.nih.gov/compound/54751696,
disialylgalactosylgloboside,No result,No result,No result,No result,https://pubchem.ncbi.nlm.nih.gov/compound/No result,
VI3NeuAc-nLc6Cer,No result,No result,No result,73427347,https://pubchem.ncbi.nlm.nih.gov/compound/73427347,
etiocholan-3alpha-ol-17-one 3-glucuronide,CHEBI:37451,HMDB04484,C11136,443078,https://pubchem.ncbi.nlm.nih.gov/compound/443078,
aldosterone,CHEBI:27584,No result,C01780,5839,https://pubchem.ncbi.nlm.nih.gov/compound/5839,
androsterone,CHEBI:16032,No result,C00523,5879,https://pubchem.ncbi.nlm.nih.gov/compound/5879,
androsterone-glucuronide,CHEBI:28832,HMDB02829,C11135,114833,https://pubchem.ncbi.nlm.nih.gov/compound/114833,
antipyrine,CHEBI:31225,No result,C13244,2206,https://pubchem.ncbi.nlm.nih.gov/compound/2206,
alpha-pinene-oxide,CHEBI:29060,HMDB03667,C02759,91508,https://pubchem.ncbi.nlm.nih.gov/compound/91508,
(+)-alpha-pinene,CHEBI:28261,No result,C06306,82227,https://pubchem.ncbi.nlm.nih.gov/compound/82227,
20alpha-hydroxy-4-pregnen-3-one,CHEBI:36728,HMDB03069,C04042,8956,https://pubchem.ncbi.nlm.nih.gov/compound/8956,
aquacob(III)alamin,No result,No result,No result,24892723,https://pubchem.ncbi.nlm.nih.gov/compound/24892723,
cAMP,CHEBI:17489,HMDB00058,C00575,6076,https://pubchem.ncbi.nlm.nih.gov/compound/6076,
beta-carotene,CHEBI:17579,HMDB00561,C02094,5280489,https://pubchem.ncbi.nlm.nih.gov/compound/5280489,
(-)-trans-carveol,CHEBI:15389,HMDB03450,C00964,94221,https://pubchem.ncbi.nlm.nih.gov/compound/94221,
calcitroic acid,CHEBI:58715,No result,C18230,9547273,https://pubchem.ncbi.nlm.nih.gov/compound/9547273,
glycocholate,CHEBI:17687,No result,C01921,10140,https://pubchem.ncbi.nlm.nih.gov/compound/10140,
taurocholate,CHEBI:28865,No result,No result,6675,https://pubchem.ncbi.nlm.nih.gov/compound/6675,
CO,CHEBI:27638,No result,No result,104730,https://pubchem.ncbi.nlm.nih.gov/compound/104730,
coumarin,CHEBI:28794,HMDB01218,C05851,323,https://pubchem.ncbi.nlm.nih.gov/compound/323,
cytosine,CHEBI:16040,HMDB00630,C00380,597,https://pubchem.ncbi.nlm.nih.gov/compound/597,
cytidine,CHEBI:17562,HMDB00089,C00475,6175,https://pubchem.ncbi.nlm.nih.gov/compound/6175,
5-deoxyadenosine,CHEBI:17319,HMDB01983,C05198,439182,https://pubchem.ncbi.nlm.nih.gov/compound/439182,
debrisoquin,CHEBI:34665,HMDB06543,C13650,2966,https://pubchem.ncbi.nlm.nih.gov/compound/2966,
dehydroascorbic acid,CHEBI:27956,No result,C05422,440667,https://pubchem.ncbi.nlm.nih.gov/compound/440667,
edaravone,No result,No result,C13008,4021,https://pubchem.ncbi.nlm.nih.gov/compound/4021,
"2,6-dimethylheptanoyl-carnitine",CHEBI:84095,HMDB06320,No result,53477823,https://pubchem.ncbi.nlm.nih.gov/compound/53477823,
"aflatoxin B1-exo-8,9-epoxide",CHEBI:30725,HMDB06558,C19586,104756,https://pubchem.ncbi.nlm.nih.gov/compound/104756,
estradiol-17beta,CHEBI:16469,HMDB00151,C00951,5757,https://pubchem.ncbi.nlm.nih.gov/compound/5757,
16-glucuronide-estriol,CHEBI:766,HMDB06766,C05504,122281,https://pubchem.ncbi.nlm.nih.gov/compound/122281,
ALeb antigen,No result,No result,No result,No result,https://pubchem.ncbi.nlm.nih.gov/compound/No result,
fucfuc132galacglcgal14acglcgalgluside heparan sulfate,CHEBI:26819,No result,C00059,1118,https://pubchem.ncbi.nlm.nih.gov/compound/1118,
fucfucfucgalacglc13galacglcgal14acglcgalgluside heparan sulfate,CHEBI:26819,No result,C00059,1118,https://pubchem.ncbi.nlm.nih.gov/compound/1118,
fucfucfucgalacglcgal14acglcgalgluside heparan sulfate,CHEBI:26819,No result,C00059,1118,https://pubchem.ncbi.nlm.nih.gov/compound/1118,
lacto-N-fucopentaosyl-III-ceramide,CHEBI:28939,HMDB01890,No result,5283564,https://pubchem.ncbi.nlm.nih.gov/compound/5283564,
gal-glcnac-gal-globoside,CHEBI:29002,HMDB06213,C02917,439846,https://pubchem.ncbi.nlm.nih.gov/compound/439846,
galfuc12gal14acglcgalgluside heparan sulfate,CHEBI:26819,No result,C00059,1118,https://pubchem.ncbi.nlm.nih.gov/compound/1118,
galfucgalacglcgal14acglcgalgluside heparan sulfate,CHEBI:26819,No result,C00059,1118,https://pubchem.ncbi.nlm.nih.gov/compound/1118,
galgalfucfucgalacglcgalacglcgal14acglcgalgluside heparan sulfate,CHEBI:26819,No result,C00059,1118,https://pubchem.ncbi.nlm.nih.gov/compound/1118,
galgalgalthcrm heparan sulfate,CHEBI:26819,No result,C00059,1118,https://pubchem.ncbi.nlm.nih.gov/compound/1118,
GMP,CHEBI:17345,HMDB01397,C00144,6804,https://pubchem.ncbi.nlm.nih.gov/compound/6804,
GP1c,No result,No result,No result,No result,https://pubchem.ncbi.nlm.nih.gov/compound/No result,
GQ1balpha,No result,No result,No result,No result,https://pubchem.ncbi.nlm.nih.gov/compound/No result,
GTP,CHEBI:15996,HMDB01273,C00044,6830,https://pubchem.ncbi.nlm.nih.gov/compound/6830,
4-hydroxy-17beta-estradiol,CHEBI:62845,HMDB05896,C14209,5282360,https://pubchem.ncbi.nlm.nih.gov/compound/5282360,
6-hydroxypaclitaxel,CHEBI:63859,No result,No result,10056458,https://pubchem.ncbi.nlm.nih.gov/compound/10056458,
inositol,CHEBI:24848,No result,No result,892,https://pubchem.ncbi.nlm.nih.gov/compound/892,
3-mercaptolactate-cysteine-disulfide,No result,HMDB06512,No result,193536,https://pubchem.ncbi.nlm.nih.gov/compound/193536,
methylglyoxal,CHEBI:17158,HMDB01167,C00546,880,https://pubchem.ncbi.nlm.nih.gov/compound/880,
9-O-acetylated-GD3,No result,No result,No result,No result,https://pubchem.ncbi.nlm.nih.gov/compound/No result,
9-O-acetylated-GT3,No result,No result,No result,No result,https://pubchem.ncbi.nlm.nih.gov/compound/No result,
"(1R,2S)-naphthalene 1,2-oxide",CHEBI:33998,No result,C14786,155957,https://pubchem.ncbi.nlm.nih.gov/compound/155957,
[protein]-L-lysine,CHEBI:18019,HMDB00182,C00047,5962,https://pubchem.ncbi.nlm.nih.gov/compound/5962,
phenylacetylglutamine,CHEBI:17884,HMDB06344,C04148,92258,https://pubchem.ncbi.nlm.nih.gov/compound/92258,
D-proline,CHEBI:16313,HMDB03411,C00763,6971012,https://pubchem.ncbi.nlm.nih.gov/compound/6971012,
D-serine,CHEBI:16523,HMDB03406,C00740,6857549,https://pubchem.ncbi.nlm.nih.gov/compound/6857549,
(S)-3-sulfolactate,CHEBI:16712,No result,C11499,443233,https://pubchem.ncbi.nlm.nih.gov/compound/443233,
sphingosylphosphorylcholine,CHEBI:17689,No result,No result,9847290,https://pubchem.ncbi.nlm.nih.gov/compound/9847290,
serotonin,CHEBI:28790,HMDB00259,C00780,5202,https://pubchem.ncbi.nlm.nih.gov/compound/5202,
tolbutamide,CHEBI:27999,No result,C07148,5505,https://pubchem.ncbi.nlm.nih.gov/compound/5505,
"3,5,3-triiodothyronine-4-sulfate",No result,No result,No result,79305,https://pubchem.ncbi.nlm.nih.gov/compound/79305,
testosterone,CHEBI:17347,HMDB00234,C00535,6013,https://pubchem.ncbi.nlm.nih.gov/compound/6013,
testosterone glucuronide,CHEBI:28835,HMDB03193,C11134,108192,https://pubchem.ncbi.nlm.nih.gov/compound/108192,
vitamin D2,CHEBI:28934,HMDB00900,C05441,5280793,https://pubchem.ncbi.nlm.nih.gov/compound/5280793,
vitamin D3,CHEBI:28940,No result,C05443,5280795,https://pubchem.ncbi.nlm.nih.gov/compound/5280795,
12-hydroxydodecanoic acid,CHEBI:36204,HMDB02059,C08317,79034,https://pubchem.ncbi.nlm.nih.gov/compound/79034,
14-hydroxytetradecanoic acid,CHEBI:77168,No result,No result,3084276,https://pubchem.ncbi.nlm.nih.gov/compound/3084276,
16-hydroxyhexadecanoic acid,CHEBI:55328,HMDB06294,C18218,10466,https://pubchem.ncbi.nlm.nih.gov/compound/10466,
19-hydroxytestosterone,CHEBI:798,No result,C05294,150968,https://pubchem.ncbi.nlm.nih.gov/compound/150968,
XTP,CHEBI:10049,HMDB00293,C00700,439296,https://pubchem.ncbi.nlm.nih.gov/compound/439296,
etiocholanolone,CHEBI:28195,HMDB00490,C04373,5880,https://pubchem.ncbi.nlm.nih.gov/compound/5880,
D-arginine,CHEBI:15816,HMDB03416,C00792,71070,https://pubchem.ncbi.nlm.nih.gov/compound/71070,
ADP-glucose,No result,HMDB06557,C00498,16500,https://pubchem.ncbi.nlm.nih.gov/compound/16500,
ADP-mannose,No result,HMDB06369,C06192,440940,https://pubchem.ncbi.nlm.nih.gov/compound/440940,
hyodeoxycholate,CHEBI:52023,No result,C15517,5283820,https://pubchem.ncbi.nlm.nih.gov/compound/5283820,
glycodeoxycholate,CHEBI:27471,No result,C05464,3035026,https://pubchem.ncbi.nlm.nih.gov/compound/3035026,
4-nitrophenyl-phosphate,CHEBI:61146,No result,No result,4686862,https://pubchem.ncbi.nlm.nih.gov/compound/4686862,
agmatine,CHEBI:17431,HMDB01432,C00179,199,https://pubchem.ncbi.nlm.nih.gov/compound/199,
G00022,No result,No result,No result,No result,https://pubchem.ncbi.nlm.nih.gov/compound/No result,
G00032,No result,No result,No result,No result,https://pubchem.ncbi.nlm.nih.gov/compound/No result,
G00086,No result,No result,No result,No result,https://pubchem.ncbi.nlm.nih.gov/compound/No result,
orotate,CHEBI:16742,HMDB00226,C00295,967,https://pubchem.ncbi.nlm.nih.gov/compound/967,
homovanillate,CHEBI:545959,HMDB00118,C05582,1738,https://pubchem.ncbi.nlm.nih.gov/compound/1738,
G00040,No result,No result,No result,No result,https://pubchem.ncbi.nlm.nih.gov/compound/No result,
G00079,No result,No result,No result,No result,https://pubchem.ncbi.nlm.nih.gov/compound/No result,
G00082,No result,No result,No result,No result,https://pubchem.ncbi.nlm.nih.gov/compound/No result,
G00083,No result,No result,No result,No result,https://pubchem.ncbi.nlm.nih.gov/compound/No result,
coproporphyrin I,No result,No result,No result,68271,https://pubchem.ncbi.nlm.nih.gov/compound/68271,
coproporphyrin III,No result,No result,No result,114935,https://pubchem.ncbi.nlm.nih.gov/compound/114935,
"glcnac-alpha-1,4-core 2",CHEBI:17029,HMDB00803,C03878,108223,https://pubchem.ncbi.nlm.nih.gov/compound/108223,
3-deoxy-D-glycero-D-galacto-2-nonulosonic acid,CHEBI:71429,HMDB00425,No result,13991616,https://pubchem.ncbi.nlm.nih.gov/compound/13991616,
eumelanin,No result,HMDB04068,No result,6325610,https://pubchem.ncbi.nlm.nih.gov/compound/6325610,
core 5,CHEBI:50198,No result,No result,7213,https://pubchem.ncbi.nlm.nih.gov/compound/7213,
core 7,CHEBI:50198,No result,No result,7213,https://pubchem.ncbi.nlm.nih.gov/compound/7213,
4-hydroxyretinoic acid,CHEBI:63795,HMDB06254,C16677,6438629,https://pubchem.ncbi.nlm.nih.gov/compound/6438629,
glycogen,No result,HMDB00757,C00182,439177,https://pubchem.ncbi.nlm.nih.gov/compound/439177,
trehalose,CHEBI:16551,HMDB00975,C01083,7427,https://pubchem.ncbi.nlm.nih.gov/compound/7427,
lactose,CHEBI:36218,HMDB00186,C01970,6134,https://pubchem.ncbi.nlm.nih.gov/compound/6134,
Pi,CHEBI:16838,HMDB00973,No result,3681305,https://pubchem.ncbi.nlm.nih.gov/compound/3681305,
ITP,CHEBI:16039,HMDB00189,C00081,8583,https://pubchem.ncbi.nlm.nih.gov/compound/8583,
IDP,CHEBI:17808,No result,C00104,6831,https://pubchem.ncbi.nlm.nih.gov/compound/6831,
lysine,CHEBI:18019,HMDB00182,C00047,5962,https://pubchem.ncbi.nlm.nih.gov/compound/5962,
leucine,CHEBI:15603,HMDB00687,C00123,6106,https://pubchem.ncbi.nlm.nih.gov/compound/6106,
retinol,CHEBI:17336,HMDB00305,C00473,445354,https://pubchem.ncbi.nlm.nih.gov/compound/445354,
NEFA blood pool out,CHEBI:28616,HMDB03551,C01563,18358786,https://pubchem.ncbi.nlm.nih.gov/compound/18358786,
histidine,CHEBI:15971,HMDB00177,C00135,6274,https://pubchem.ncbi.nlm.nih.gov/compound/6274,
isoleucine,CHEBI:17191,HMDB00172,C00407,6306,https://pubchem.ncbi.nlm.nih.gov/compound/6306,
methionine,CHEBI:16811,HMDB00696,C01733,5255805,https://pubchem.ncbi.nlm.nih.gov/compound/5255805,
pyruvate,CHEBI:15361,No result,No result,107735,https://pubchem.ncbi.nlm.nih.gov/compound/107735,
D-lactate,No result,HMDB01311,C00256,61503,https://pubchem.ncbi.nlm.nih.gov/compound/61503,
xylitol,No result,HMDB02917,No result,6912,https://pubchem.ncbi.nlm.nih.gov/compound/6912,
glycophosphatidylinositol-(GPI)-anchored-protein-precursor,No result,No result,No result,No result,https://pubchem.ncbi.nlm.nih.gov/compound/No result,
L-arabitol,CHEBI:18403,HMDB01851,C00532,439255,https://pubchem.ncbi.nlm.nih.gov/compound/439255,
cortisol,CHEBI:17650,No result,C00735,5754,https://pubchem.ncbi.nlm.nih.gov/compound/5754,
deoxyguanosine,CHEBI:17172,HMDB00085,C00330,187790,https://pubchem.ncbi.nlm.nih.gov/compound/187790,
ebastine,No result,No result,D01478,3191,https://pubchem.ncbi.nlm.nih.gov/compound/3191,
formate,CHEBI:15740,No result,No result,283,https://pubchem.ncbi.nlm.nih.gov/compound/283,
fucgalfucgalacglcgalgluside heparan sulfate,CHEBI:26819,No result,C00059,1118,https://pubchem.ncbi.nlm.nih.gov/compound/1118,
GT1a,CHEBI:59215,No result,No result,45266863,https://pubchem.ncbi.nlm.nih.gov/compound/45266863,
NO,No result,No result,No result,24822,https://pubchem.ncbi.nlm.nih.gov/compound/24822,
norepinephrine sulfate,No result,HMDB02062,No result,123747,https://pubchem.ncbi.nlm.nih.gov/compound/123747,
omeprazole,CHEBI:77260,HMDB01913,C07324,4594,https://pubchem.ncbi.nlm.nih.gov/compound/4594,
perillyl alcohol,CHEBI:15420,HMDB03634,No result,10819,https://pubchem.ncbi.nlm.nih.gov/compound/10819,
retinoyl-glucuronide,No result,No result,C11061,5281877,https://pubchem.ncbi.nlm.nih.gov/compound/5281877,
succinate,CHEBI:15741,HMDB00254,C00042,1110,https://pubchem.ncbi.nlm.nih.gov/compound/1110,
thiocyanate,CHEBI:18022,No result,No result,9322,https://pubchem.ncbi.nlm.nih.gov/compound/9322,
triiodothyronine,CHEBI:18258,HMDB00265,C02465,5920,https://pubchem.ncbi.nlm.nih.gov/compound/5920,
thiosulfate,CHEBI:16094,HMDB00257,No result,1084,https://pubchem.ncbi.nlm.nih.gov/compound/1084,
D-glucitol,CHEBI:17924,HMDB00247,C00794,5780,https://pubchem.ncbi.nlm.nih.gov/compound/5780,
V3(NeuAc)2-Gb5Cer,No result,No result,No result,No result,https://pubchem.ncbi.nlm.nih.gov/compound/No result,
m3gacpail_prot heparan sulfate,CHEBI:26819,No result,C00059,1118,https://pubchem.ncbi.nlm.nih.gov/compound/1118,
chenodeoxycholic acid,CHEBI:16755,HMDB00518,C02528,10133,https://pubchem.ncbi.nlm.nih.gov/compound/10133,
lithocholate,CHEBI:16325,No result,C03990,9903,https://pubchem.ncbi.nlm.nih.gov/compound/9903,
ursodeoxycholate,CHEBI:9907,No result,C07880,31401,https://pubchem.ncbi.nlm.nih.gov/compound/31401,
tauroursodeoxycholate,CHEBI:80774,No result,C16868,9848818,https://pubchem.ncbi.nlm.nih.gov/compound/9848818,
taurolithocholate,CHEBI:36259,No result,C02592,439763,https://pubchem.ncbi.nlm.nih.gov/compound/439763,
glycolithocholate,CHEBI:37998,HMDB00698,C15557,115245,https://pubchem.ncbi.nlm.nih.gov/compound/115245,
glycoursodeoxycholate,No result,HMDB00708,No result,12310288,https://pubchem.ncbi.nlm.nih.gov/compound/12310288,
alpha-muricholic acid,CHEBI:81243,No result,C17647,20848989,https://pubchem.ncbi.nlm.nih.gov/compound/20848989,
beta-muricholic acid,CHEBI:81298,HMDB00415,C17726,20848962,https://pubchem.ncbi.nlm.nih.gov/compound/20848962,
dehydrocholic acid,CHEBI:31459,No result,C13154,6674,https://pubchem.ncbi.nlm.nih.gov/compound/6674,
deoxycholic acid,CHEBI:28834,HMDB00626,C04483,222528,https://pubchem.ncbi.nlm.nih.gov/compound/222528,
tauro-alpha-muricholic acid,No result,HMDB00932,No result,101657566,https://pubchem.ncbi.nlm.nih.gov/compound/101657566,
omega-muricholic acid,CHEBI:81299,HMDB00364,C17727,5283851,https://pubchem.ncbi.nlm.nih.gov/compound/5283851,
taurodeoxycholate,CHEBI:9410,HMDB00896,No result,2733768,https://pubchem.ncbi.nlm.nih.gov/compound/2733768,
taurohyocholic acid,CHEBI:52022,No result,C15516,11954195,https://pubchem.ncbi.nlm.nih.gov/compound/11954195,
glycohyocholic acid,No result,No result,No result,71361462,https://pubchem.ncbi.nlm.nih.gov/compound/71361462,
glycohyodeoxycholic acid,No result,No result,No result,114611,https://pubchem.ncbi.nlm.nih.gov/compound/114611,
glycodehydrocholic acid,No result,No result,No result,13955640,https://pubchem.ncbi.nlm.nih.gov/compound/13955640,
hyocholic acid,CHEBI:81244,HMDB00760,C17649,20849047,https://pubchem.ncbi.nlm.nih.gov/compound/20849047,
tauro-omega-muricholic acid,CHEBI:32806,HMDB00958,C02341,444212,https://pubchem.ncbi.nlm.nih.gov/compound/444212,
tauro-beta-muricholic acid,No result,No result,No result,21124703,https://pubchem.ncbi.nlm.nih.gov/compound/21124703,
murideoxycholic acid,CHEBI:52030,HMDB00811,C15515,5283821,https://pubchem.ncbi.nlm.nih.gov/compound/5283821,
taurodehydrocholic acid,No result,No result,No result,121933,https://pubchem.ncbi.nlm.nih.gov/compound/121933,
protein,CHEBI:17822,No result,C00716,79305,https://pubchem.ncbi.nlm.nih.gov/compound/79305,
free essential amino acid,CHEBI:32806,HMDB00958,C02341,444212,https://pubchem.ncbi.nlm.nih.gov/compound/444212,
free nonessential amino acid,CHEBI:32806,HMDB00958,C02341,444212,https://pubchem.ncbi.nlm.nih.gov/compound/444212,
intracellular bile acid,CHEBI:32806,HMDB00958,C02341,444212,https://pubchem.ncbi.nlm.nih.gov/compound/444212,
glycogen storage pool,No result,No result,No result,No result,https://pubchem.ncbi.nlm.nih.gov/compound/No result,
intracellular lipids,No result,No result,No result,No result,https://pubchem.ncbi.nlm.nih.gov/compound/No result,
tauro-hyodeoxycholic acid,No result,No result,No result,119046,https://pubchem.ncbi.nlm.nih.gov/compound/119046,
misc biomass metabolites,No result,No result,No result,No result,https://pubchem.ncbi.nlm.nih.gov/compound/No result,
serum bile acid,CHEBI:32806,HMDB00958,C02341,444212,https://pubchem.ncbi.nlm.nih.gov/compound/444212,
sialyl-Lewis (a) antigen,CHEBI:61793,No result,No result,10985677,https://pubchem.ncbi.nlm.nih.gov/compound/10985677,
Neu5Gc,No result,No result,C03410,440001,https://pubchem.ncbi.nlm.nih.gov/compound/440001,
cellular biomass,No result,No result,No result,No result,,